date,title,llm_sentiment_score,uncertainty_score,market_sentiment,event_category
,"Zacks Industry Outlook Highlights Honeywell, 3M, Carlisle Companies and Federal Signal",0.0,0.0,Neutral,Other
,"Stock Market News for Jul 21, 2025",0.0,0.0,Neutral,Other
,3M Co (MMM) Q2 2025 Earnings Call Highlights: Strong EPS Growth Amidst Global Challenges,0.0,0.0,Neutral,Other
,MMM Q1 Deep Dive: Tariffs Loom Over Stable Operations and Product Launch Momentum,0.0,0.0,Neutral,Other
,Dow Falls as Trump Reportedly Seeks Higher EU Tariffs; Nasdaq Clinches New High,0.0,0.0,Neutral,Other
,3M Gives Investors a ‘Beat and Raise.’ The Stock Is Rising.,0.0,0.0,Neutral,Other
,Equities Fall Intraday as Trump Reportedly Pushes for Higher Tariffs on EU,0.0,0.0,Neutral,Other
,"US Equity Indexes Slip in Choppy Trading After S&P 500, Nasdaq Composite Scale Fresh Record Highs",0.0,0.0,Neutral,Other
,"3M (MMM) Stock Trades Down, Here Is Why",0.0,0.0,Neutral,Other
,"US Equity Indexes Mixed, Treasury Yields Decline in Midday Trading",0.0,0.0,Neutral,Other
,A. O. Smith Set to Report Q2 Earnings: Is a Beat in Store?,0.0,0.0,Neutral,Other
,Otis Worldwide to Report Q2 Earnings: Here's What Investors Must Know,0.0,0.0,Neutral,Other
,"Exploring Analyst Estimates for A.O. Smith (AOS) Q2 Earnings, Beyond Revenue and EPS",0.0,0.0,Neutral,Other
,Reflecting On HVAC and Water Systems Stocks’ Q1 Earnings: A. O. Smith (NYSE:AOS),0.0,0.0,Neutral,Other
,Roper Gears Up to Post Q2 Earnings: What's in the Offing?,0.0,0.0,Neutral,Other
,A.O. Smith (AOS) Expected to Beat Earnings Estimates: What to Know Ahead of Q2 Release,0.0,0.0,Neutral,Other
,How A. O. Smith Delivers Dividend Stability in the Industrial Sector,0.0,0.0,Neutral,Other
,A. O. Smith Reports Quarterly Dividend,0.0,0.0,Neutral,Other
,"A. O. Smith to Hold Second Quarter Conference Call on July 24, 2025",0.0,0.0,Neutral,Other
,A. O. Smith Earnings Preview: What to Expect,0.0,0.0,Neutral,Other
,"[Latest] Global Cardiac Tissue Engineering Market Size/Share Worth USD 2,943.92 Million by 2034 at a 16.65% CAGR: Custom Market Insights (Analysis, Outlook, Leaders, Report, Trends, Forecast, Segmentation, Growth Rate, Value, SWOT Analysis)",0.0,0.0,Neutral,Other
,"Abbott Laboratories (ABT): I Am Very Upset With Abbott,” Says Jim Cramer",0.0,0.0,Neutral,Other
,Drugs of Abuse (DoA) Testing Market Opportunities and Strategies to 2034 | Strategic Acquisitions Boost Market Position of Leading DOA Testing Companies,0.0,0.0,Neutral,Other
,"India In Vitro Diagnostics (IVD) Industry Analysis & Forecast (2025-2034) Featuring Roche, Transasia Bio-Medicals, Bio-Rad Labs, BioMerieux, Sysmex, Abbott, Thermo Fisher Scientific, QIAGEN, Quidel, Danaher",0.0,0.0,Neutral,Other
,"Cote d'Ivoire IVD Market Forecast Report 2025-2032 | Opportunities in Public-Private Partnerships, Molecular Diagnostics Demand, Telemedicine and Point-of-Care Testing",0.0,0.0,Neutral,Other
,"Kenya IVD Market Research Report 2025-2032 | Opportunities in Increasing Adoption of Self-testing Kits, Emerging Technologies, Shift Towards Personalized Medicine, Integration of Digital Health",0.0,0.0,Neutral,Other
,Abbott Laboratories Second Quarter 2025 Earnings: EPS Beats Expectations,0.0,0.0,Neutral,Other
,Why AbbVie (ABBV) Remains a Dividend Standout in the Pharma Sector,0.0,0.0,Neutral,Other
,How Abbott Laboratories (ABT) Balances Innovation with Shareholder Payouts,0.0,0.0,Neutral,Other
,Abbott Laboratories (ABT) Drops on Lower Full-Year Guidance,0.0,0.0,Neutral,Other
,This 12 Dividend Stock Portfolio Will Pay Your Bills – Every Week,0.0,0.0,Neutral,Other
,Looking for Cheap Stocks? Healthcare Shares Haven’t Looked This Good in 30 Years.,0.0,0.0,Neutral,Other
,Betting Big on Cancer: 3 Oncology Stocks Set to Surge in 2025,0.0,0.0,Neutral,Other
,Morgan Stanley Reiterates a Buy Rating on AbbVie (ABBV) With a $250 PT,0.0,0.0,Neutral,Other
,"All It Takes Is $2,000 Invested in Each of These High Dividend Stocks to Help Generate Over $280 in Passive Income Per Year",0.0,0.0,Neutral,Other
,Why AbbVie (ABBV) Remains a Dividend Standout in the Pharma Sector,0.0,0.0,Neutral,Other
,AbbVie Inc. (ABBV) is Attracting Investor Attention: Here is What You Should Know,0.0,0.0,Neutral,Other
,AbbVie Inc. (NYSE:ABBV) is favoured by institutional owners who hold 75% of the company,0.0,0.0,Neutral,Other
,AbbVie (ABBV) Surpasses Market Returns: Some Facts Worth Knowing,0.0,0.0,Neutral,Other
,How Will AbbVie's Oncology Drugs Aid Upcoming Q2 Results?,0.0,0.0,Neutral,Other
,Accenture Deepens Banking Capabilities in Malaysia with Acquisition of Aristal,0.0,0.0,Neutral,Other
,"Solodev Achieves Latest AWS Government Competency, Powering Citizen Experiences with AI and Cloud Innovation",0.0,0.0,Neutral,Other
,Accenture plc (NYSE:ACN) is largely controlled by institutional shareholders who own 79% of the company,0.0,0.0,Neutral,Other
,"Deutsche Bank backs Visa, Mastercard amid fintech sector slump",0.0,0.0,Neutral,Other
,"Device-as-a-Service (DaaS) Market Set to Soar with 26.90% CAGR, Projected to Reach US$ 233.2 Billion by 2032 Amid Growing Demand for Scalable and Cost-Effective IT Solutions: AnalystView Market Insights",0.0,0.0,Neutral,Other
,"CYBR Stock Trades at a P/S of 12.81X: Should You Buy, Sell or Hold?",0.0,0.0,Neutral,Other
,inMorphis Appoints Sunne K Kumaar as Chief Revenue Officer to Accelerate Global Growth,0.0,0.0,Neutral,Other
,"Product Engineering Services Market worth $1,800.45 billion by 2030",0.0,0.0,Neutral,Other
,Rezolve AI (RZLV) Launches Global Professional Services Division for AI Growth,0.0,0.0,Neutral,Other
,Does Accenture (NYSE:ACN) Deserve A Spot On Your Watchlist?,0.0,0.0,Neutral,Other
,Figma’s IPO Seeks $13 Billion Valuation in Latest Tech Debut,0.0,0.0,Neutral,Other
,Figma's $1 Billion IPO Gambit: Can It Bounce Back After Adobe Walked Away?,0.0,0.0,Neutral,Other
,Adobe Trades 38% Below 52-Week High: Right Time Buy the ADBE Stock?,0.0,0.0,Neutral,Other
,"Roper Q2 Earnings Top Estimates, Application Software Sales Up Y/Y",0.0,0.0,Neutral,Other
,Figma looks to raise nearly $1B as it kicks off its IPO roadshow,0.0,0.0,Neutral,Other
,Buy These 5 AI-Focused Stocks to Tap Double-Digit Short-Term Upside,0.0,0.0,Neutral,Other
,Shareholders in Adobe (NASDAQ:ADBE) are in the red if they invested a year ago,0.0,0.0,Neutral,Other
,Figma aims to raise up to $1.03 billion in NYSE IPO,0.0,0.0,Neutral,Other
,Figma aims at $16.4 billion valuation as tech IPOs bounce back,0.0,0.0,Neutral,Other
,"Game-based Learning Market Forecast Report 2025-2030, with Case Studies of Hyundai, Clifton Public Schools, University of Illinois, Kahoot!, Maruti Suzuki and Tenneo'",0.0,0.0,Neutral,Other
,Embedded LLM Launches First-of-its-Kind Monetisation Platform for AMD AI GPUs,0.0,0.0,Neutral,Other
,"Sanmina (SANM) Stock Trades Up, Here Is Why",0.0,0.0,Neutral,Other
,Taiwan Semi Joins the $1 Trillion Club. What’s Ahead for the Chip Maker?,0.0,0.0,Neutral,Other
,Intel Gears Up to Report Q2 Earnings: Should You Buy the Stock?,0.0,0.0,Neutral,Other
,Nvidia Stock Gains. Why Big Tech Earnings Can Spark a Rally.,0.0,0.0,Neutral,Other
,"Advanced Micro Devices, Inc. (AMD): I’m Not Betting Against It, Says Jim Cramer",0.0,0.0,Neutral,Other
,Micron Stock Soars 36% YTD: Still a Buy or Time to Book Profits?,0.0,0.0,Neutral,Other
,This Week In AI Chips - Reshoring Boosts Manufacturing Amid Strategic Partnerships and Acquisitions,0.0,0.0,Neutral,Other
,"The Zacks Analyst Blog Highlights Taiwan Semiconductor Manufacturing, NVIDIA, Apple, Advanced Micro Devices, Broadcom and Intel",0.0,0.0,Neutral,Other
,5 Red-Hot Growth Stocks to Buy in 2025,0.0,0.0,Neutral,Other
,"S&P 500, Nasdaq Extend Rallies to Records Before Major Earnings",0.0,0.0,Neutral,Other
,Equity Markets Higher as June Leading Economic Indicators Decline,0.0,0.0,Neutral,Other
,3 Top-Ranked Dividend Stocks: A Smarter Way to Boost Your Retirement Income,0.0,0.0,Neutral,Other
,Are You Looking for a High-Growth Dividend Stock?,0.0,0.0,Neutral,Other
,How to Maximize Your Retirement Portfolio with These Top-Ranked Dividend Stocks,0.0,0.0,Neutral,Other
,The AES Corporation (AES) Gains Amid Takeover Interest,0.0,0.0,Neutral,Other
,AES Announces Quarterly Dividend,0.0,0.0,Neutral,Other
,S&P 500 Posts Slight Weekly Decline Amid Latest Tariff Threats,0.0,0.0,Neutral,Other
,AES Accelerates Growth With Renewable Expansion and LNG Presence,0.0,0.0,Neutral,Other
,AES Corp. (AES) Surges 19.8% on Potential Sale,0.0,0.0,Neutral,Other
,Aflac Pulls Together To Raise Funds for Childhood Cancer Research,0.0,0.0,Neutral,Other
,The Real ROI of Coaching: Insights from a Leadership Roundtable,0.0,0.0,Neutral,Other
,Duck Days of Summer Are Here: Do Good Powered by Aflac,0.0,0.0,Neutral,Other
,"UNM Outperforms Industry, Trades at a Premium: Should You Buy the Stock?",0.0,0.0,Neutral,Other
,Here's What to Expect From Aflac's Next Earnings Report,0.0,0.0,Neutral,Other
,GL Stock Trading at a Discount to Industry at 8.22X: Time to Hold?,0.0,0.0,Neutral,Other
,How this CEO built a 35-year reign at Aflac without burning out,0.0,0.0,Neutral,Other
,Life Insurance Stocks Q1 Recap: Benchmarking Aflac (NYSE:AFL),0.0,0.0,Neutral,Other
,"Aflac Incorporated to Release Second Quarter Results and CFO Video Update on August 5, 2025 and Host Webcast on August 6, 2025",0.0,0.0,Neutral,Other
,2 Insurance Stocks on Our Buy List and 1 to Brush Off,0.0,0.0,Neutral,Other
,"Mass Spectrometry Company Evaluation Report 2025 | Agilent, Thermo Fisher, and Waters Lead with Robust Portfolios, Strategic Expansions, and Innovation-Driven Growth",0.0,0.0,Neutral,Other
,Agilent to Announce Third-Quarter Fiscal Year 2025 Financial Results on Aug. 27,0.0,0.0,Neutral,Other
,"Biochip Market Global Outlook Report 2025, with Focus on Microarrays and Lab-on-a-Chip",0.0,0.0,Neutral,Other
,Agilent CFO Bob McMahon resigns,0.0,0.0,Neutral,Other
,Agilent Technologies (A) Announces CFO Bob McMahon's Departure and Interim Replacement,0.0,0.0,Neutral,Other
,Agilent Announces CFO Transition,0.0,0.0,Neutral,Other
,Why Agilent (A) Stock Is Down Today,0.0,0.0,Neutral,Other
,Here's How Much a $1000 Investment in Agilent Technologies Made 10 Years Ago Would Be Worth Today,0.0,0.0,Neutral,Other
,"Liquid Handling Systems Market Insights Report 2025-2030 | Advancements in Microplate Reagent Dispensers, Transformation in Genomics, Importance in Drug Discovery & Development, Lab Automation",0.0,0.0,Neutral,Other
,Do Options Traders Know Something About Agilent Technologies Stock We Don't?,0.0,0.0,Neutral,Other
